epoch,time,train/box_loss,train/cls_loss,train/dfl_loss,metrics/precision(B),metrics/recall(B),metrics/mAP50(B),metrics/mAP50-95(B),val/box_loss,val/cls_loss,val/dfl_loss,lr/pg0,lr/pg1,lr/pg2
1,5044,1.28839,1.02773,1.36644,0.79549,0.5854,0.66511,0.38905,1.37446,1.45671,1.44993,0.00047626,0.00047626,0.00047626
2,9574.73,1.3726,1.1555,1.42782,0.73605,0.56134,0.62415,0.36761,1.41992,1.4569,1.48776,0.000858286,0.000858286,0.000858286
3,14088.2,1.41235,1.21659,1.46399,0.762,0.57391,0.63928,0.36891,1.41798,1.54225,1.49087,0.001146,0.001146,0.001146
4,18580.1,1.40619,1.19977,1.45478,0.73438,0.59362,0.64476,0.37887,1.37275,1.45179,1.45814,0.00100459,0.00100459,0.00100459
5,23088.6,1.36096,1.12353,1.42234,0.76761,0.60631,0.66448,0.3902,1.35259,1.42997,1.4368,0.000863116,0.000863116,0.000863116
6,27519.4,1.33585,1.08283,1.39748,0.78845,0.58771,0.66286,0.39648,1.35812,1.44223,1.44609,0.000721645,0.000721645,0.000721645
7,32071.3,1.29592,1.03151,1.36983,0.78129,0.61459,0.69038,0.41863,1.32862,1.32191,1.4025,0.000580174,0.000580174,0.000580174
8,36692.5,1.26525,0.97146,1.34307,0.82381,0.62911,0.71287,0.44113,1.30964,1.26749,1.38849,0.000438703,0.000438703,0.000438703
9,41274.4,1.22994,0.93544,1.31865,0.80387,0.64855,0.7193,0.447,1.28064,1.19218,1.36455,0.000297232,0.000297232,0.000297232
10,48717.3,1.19545,0.88392,1.29519,0.83046,0.6638,0.73734,0.46256,1.26522,1.15303,1.35204,0.000155761,0.000155761,0.000155761
